{"cameraMode":{"drawMode":0,"name":"Shaded","section":"Shading Mode"},"sceneLighting":true,"audioPlay":false,"sceneViewState":{"showFog":true,"showMaterialUpdate":false,"showSkybox":true,"showFlares":true,"showImageEffects":true,"showParticleSystems":true},"in2DMode":false,"pivot":{"x":-14.198213577270508,"y":1.2144310474395753,"z":-0.5086635947227478},"rotation":{"x":0.037485647946596149,"y":0.022209279239177705,"z":-0.0007656505913473666,"w":0.9991475343704224},"size":0.32993394136428835,"orthographic":false}